时间,玄武湖,瑞金路,奥体中心,草场门,山西路,迈皋桥,仙林大学城,中华门,彩虹桥,浦口,雄州,永阳,老职中,全市
2022-03-16 00:00:00,93.0,85.0,102.0,113.0,130.0,52.0,120.0,113.0,127.0,89.0,92.0,108.0,76.0,100.0
2022-03-16 00:05:00,92.0,82.0,103.0,116.0,128.0,43.0,121.0,112.0,128.0,92.0,74.0,107.0,74.0,97.84615384615384
2022-03-16 00:10:00,95.0,75.0,104.0,118.0,128.0,38.0,124.0,111.0,127.0,90.0,61.0,105.0,71.0,95.92307692307692
2022-03-16 00:15:00,107.0,77.0,100.0,118.0,131.0,55.0,123.0,110.0,127.0,92.0,73.0,102.0,69.0,98.76923076923077
2022-03-16 00:20:00,105.0,79.0,99.0,117.0,130.0,54.0,124.0,110.0,125.0,97.0,90.0,102.0,72.0,100.3076923076923
2022-03-16 00:25:00,105.0,77.0,99.0,117.0,129.0,56.0,120.0,107.0,123.0,99.0,85.0,101.0,72.0,99.23076923076923
2022-03-16 00:30:00,99.0,75.0,100.0,117.0,129.0,64.0,120.0,104.0,121.0,92.0,92.0,101.0,72.0,98.92307692307692
2022-03-16 00:35:00,99.0,76.0,90.0,115.0,131.0,66.0,118.0,107.0,120.0,83.0,82.0,99.0,73.0,96.84615384615384
2022-03-16 00:40:00,99.0,74.0,98.0,113.0,131.0,63.0,116.0,103.0,117.0,87.0,76.0,98.0,73.0,96.0
2022-03-16 00:45:00,99.0,77.0,96.0,112.0,130.0,63.0,115.0,102.0,113.0,89.0,67.0,98.0,73.0,94.92307692307692
2022-03-16 00:50:00,101.0,80.0,91.0,112.0,130.0,69.0,114.0,103.0,111.0,88.0,69.0,98.0,72.0,95.23076923076923
2022-03-16 00:55:00,103.0,83.0,96.0,113.0,131.0,73.0,108.0,96.0,109.0,86.0,70.0,97.0,72.0,95.15384615384616
2022-03-16 01:00:00,104.0,85.0,106.0,115.0,131.0,59.0,103.0,95.0,107.0,87.0,56.0,95.0,73.0,93.53846153846153
2022-03-16 01:05:00,104.0,87.0,101.0,113.0,131.0,57.0,100.0,94.0,105.0,90.0,63.0,90.0,71.0,92.76923076923077
2022-03-16 01:10:00,104.0,89.0,100.0,112.0,128.0,57.0,102.0,93.0,104.0,94.0,51.0,88.0,70.0,91.6923076923077
2022-03-16 01:15:00,106.0,90.0,94.0,111.0,127.0,65.0,103.0,92.0,96.0,95.0,40.0,88.0,69.0,90.46153846153847
2022-03-16 01:20:00,108.0,92.0,91.0,108.0,126.0,70.0,101.0,91.0,97.0,94.0,40.0,90.0,67.0,90.38461538461539
2022-03-16 01:25:00,107.0,95.0,85.0,108.0,125.0,68.0,100.0,93.0,101.0,93.0,45.0,90.0,67.0,90.53846153846153
2022-03-16 01:30:00,106.0,94.0,87.0,108.0,121.0,64.0,101.0,95.0,103.0,94.0,60.0,89.0,65.0,91.3076923076923
2022-03-16 01:35:00,106.0,94.0,91.0,104.0,122.0,69.0,101.0,94.0,102.0,93.0,64.0,88.0,65.0,91.76923076923077
2022-03-16 01:40:00,104.0,94.0,93.0,101.0,122.0,75.0,97.0,89.0,104.0,92.0,63.0,86.0,67.0,91.3076923076923
2022-03-16 01:45:00,100.0,95.0,81.0,96.0,123.0,78.0,95.0,86.0,103.0,88.0,73.0,86.0,67.0,90.07692307692308
2022-03-16 01:50:00,99.0,94.0,78.0,96.0,121.0,73.0,94.0,87.0,100.0,84.0,78.0,84.0,69.0,89.0
2022-03-16 01:55:00,98.0,92.0,77.0,93.0,121.0,62.0,94.0,84.0,97.0,81.0,69.0,82.0,69.0,86.07692307692308
2022-03-16 02:00:00,98.0,91.0,75.0,93.0,119.0,52.0,93.0,78.0,95.0,79.0,47.0,81.0,71.0,82.46153846153847
2022-03-16 02:05:00,97.0,90.0,72.0,93.0,117.0,58.0,94.0,85.0,94.0,76.0,36.0,80.0,77.0,82.23076923076923
2022-03-16 02:10:00,96.0,92.0,71.0,91.0,116.0,64.0,95.0,87.0,94.0,75.0,37.0,76.0,78.0,82.46153846153847
2022-03-16 02:15:00,94.0,90.0,76.0,89.0,114.0,66.0,93.0,82.0,94.0,77.0,35.0,73.0,78.0,81.61538461538461
2022-03-16 02:20:00,93.0,89.0,77.0,88.0,113.0,74.0,87.0,83.0,97.0,81.0,39.0,72.0,74.0,82.07692307692308
2022-03-16 02:25:00,92.0,90.0,77.0,87.0,112.0,78.0,86.0,85.0,99.0,85.0,36.0,71.0,73.0,82.38461538461539
2022-03-16 02:30:00,92.0,89.0,73.0,87.0,111.0,85.0,85.0,81.0,99.0,89.0,34.0,70.0,68.0,81.76923076923077
2022-03-16 02:35:00,91.0,89.0,74.0,88.0,111.0,90.0,87.0,81.0,99.0,91.0,35.0,69.0,67.0,82.46153846153847
2022-03-16 02:40:00,91.0,88.0,72.0,85.0,108.0,89.0,88.0,77.0,95.0,90.0,32.0,70.0,65.0,80.76923076923077
2022-03-16 02:45:00,91.0,88.0,71.0,84.0,108.0,92.0,88.0,75.0,92.0,88.0,33.0,68.0,63.0,80.07692307692308
2022-03-16 02:50:00,92.0,88.0,71.0,82.0,104.0,94.0,88.0,75.0,81.0,87.0,33.0,66.0,69.0,79.23076923076923
2022-03-16 02:55:00,94.0,89.0,73.0,78.0,95.0,96.0,89.0,80.0,74.0,86.0,25.0,66.0,70.0,78.07692307692308
2022-03-16 03:00:00,95.0,88.0,80.0,80.0,86.0,96.0,90.0,85.0,82.0,88.0,25.0,67.0,70.0,79.38461538461539
2022-03-16 03:05:00,96.0,83.0,80.0,80.0,87.0,94.0,88.0,82.0,90.0,88.0,27.0,66.0,77.0,79.84615384615384
2022-03-16 03:10:00,97.0,82.0,76.0,80.0,102.0,90.0,85.0,86.0,90.0,87.0,27.0,67.0,79.0,80.61538461538461
2022-03-16 03:15:00,97.0,83.0,74.0,77.0,107.0,77.0,85.0,85.0,92.0,88.0,17.0,68.0,77.0,79.0
2022-03-16 03:20:00,95.0,85.0,74.0,79.0,107.0,68.0,87.0,82.0,90.0,88.0,9.0,69.0,80.0,77.92307692307692
2022-03-16 03:25:00,98.0,87.0,69.0,72.0,109.0,45.0,88.0,81.0,90.0,86.0,10.0,68.0,82.0,75.76923076923077
2022-03-16 03:30:00,101.0,85.0,62.0,62.0,108.0,30.0,84.0,85.0,88.0,87.0,19.0,67.0,79.0,73.61538461538461
2022-03-16 03:35:00,90.0,84.0,59.0,64.0,108.0,51.0,82.0,82.0,87.0,88.0,30.0,65.0,76.0,74.3076923076923
2022-03-16 03:40:00,69.0,83.0,60.0,67.0,108.0,42.0,81.0,76.0,88.0,89.0,32.0,63.0,76.0,71.84615384615384
2022-03-16 03:45:00,53.0,78.0,59.0,63.0,109.0,32.0,85.0,70.0,88.0,88.0,39.0,62.0,77.0,69.46153846153847
2022-03-16 03:50:00,25.0,77.0,61.0,57.0,110.0,25.0,88.0,70.0,88.0,88.0,25.0,61.0,78.0,65.61538461538461
2022-03-16 03:55:00,10.0,75.0,55.0,55.0,111.0,15.0,85.0,75.0,88.0,85.0,25.0,59.0,80.0,62.92307692307692
2022-03-16 04:00:00,5.0,75.0,56.0,71.0,112.0,13.0,85.0,78.0,86.0,82.0,35.0,59.0,80.0,64.38461538461539
2022-03-16 04:05:00,5.0,77.0,53.0,67.0,112.0,18.0,85.0,79.0,88.0,84.0,35.0,56.0,80.0,64.53846153846153
2022-03-16 04:10:00,5.0,76.0,51.0,64.0,111.0,7.0,87.0,79.0,88.0,86.0,41.0,54.0,79.0,63.69230769230769
2022-03-16 04:15:00,8.0,73.0,58.0,63.0,111.0,6.0,85.0,76.0,88.0,91.0,42.0,53.0,77.0,63.92307692307692
2022-03-16 04:20:00,7.0,70.0,53.0,58.0,112.0,10.0,88.0,78.0,87.0,95.0,42.0,51.0,73.0,63.38461538461539
2022-03-16 04:25:00,18.0,67.0,42.0,65.0,110.0,5.0,84.0,80.0,87.0,92.0,37.0,51.0,72.0,62.30769230769231
2022-03-16 04:30:00,45.0,67.0,44.0,73.0,109.0,6.0,81.0,80.0,87.0,93.0,42.0,39.0,73.0,64.53846153846153
2022-03-16 04:35:00,50.0,66.0,50.0,81.0,108.0,16.0,82.0,80.0,84.0,92.0,45.0,43.0,72.0,66.84615384615384
2022-03-16 04:40:00,69.0,62.0,65.0,82.0,112.0,10.0,84.0,79.0,82.0,92.0,42.0,44.0,72.0,68.84615384615384
2022-03-16 04:45:00,84.0,59.0,64.0,82.0,114.0,7.0,87.0,77.0,81.0,90.0,42.0,46.0,72.0,69.61538461538461
2022-03-16 04:50:00,85.0,56.0,53.0,82.0,114.0,4.0,85.0,75.0,79.0,87.0,43.0,46.0,71.0,67.6923076923077
2022-03-16 04:55:00,83.0,54.0,52.0,67.0,112.0,4.0,81.0,76.0,78.0,87.0,45.0,46.0,71.0,65.84615384615384
2022-03-16 05:00:00,86.0,52.0,42.0,61.0,109.0,4.0,80.0,74.0,79.0,87.0,44.0,47.0,70.0,64.23076923076923
2022-03-16 05:05:00,84.0,50.0,45.0,59.0,108.0,2.0,80.0,75.0,79.0,86.0,35.0,42.0,72.0,62.84615384615385
2022-03-16 05:10:00,86.0,48.0,60.0,61.0,105.0,1.0,81.0,76.0,78.0,88.0,36.0,42.0,73.0,64.23076923076923
2022-03-16 05:15:00,88.0,46.0,53.0,62.0,103.0,2.0,76.0,75.0,77.0,85.0,36.0,42.0,74.0,63.0
2022-03-16 05:20:00,89.0,45.0,50.0,60.0,102.0,3.0,71.0,74.0,78.0,82.0,46.0,40.0,73.0,62.53846153846154
2022-03-16 05:25:00,87.0,44.0,51.0,58.0,103.0,5.0,74.0,74.0,79.0,79.0,45.0,43.0,71.0,62.53846153846154
2022-03-16 05:30:00,85.0,42.0,42.0,60.0,102.0,5.0,75.0,75.0,77.0,76.0,42.0,41.0,70.0,60.92307692307692
2022-03-16 05:35:00,83.0,40.0,40.0,60.0,103.0,5.0,73.0,74.0,73.0,73.0,46.0,44.0,69.0,60.23076923076923
2022-03-16 05:40:00,82.0,37.0,44.0,63.0,103.0,4.0,72.0,72.0,72.0,74.0,41.0,44.0,67.0,59.61538461538461
2022-03-16 05:45:00,82.0,36.0,55.0,66.0,104.0,5.0,76.0,78.0,74.0,73.0,40.0,42.0,65.0,61.23076923076923
2022-03-16 05:50:00,83.0,33.0,53.0,68.0,103.0,3.0,74.0,78.0,74.0,73.0,22.0,41.0,65.0,59.23076923076923
2022-03-16 05:55:00,80.0,30.0,55.0,68.0,102.0,3.0,75.0,77.0,71.0,71.0,34.0,40.0,59.0,58.84615384615385
2022-03-16 06:00:00,76.0,29.0,54.0,68.0,101.0,1.0,69.0,73.0,69.0,70.0,31.0,37.0,56.0,56.46153846153846
2022-03-16 06:05:00,68.0,31.0,55.0,70.0,100.0,1.0,70.0,74.0,65.0,71.0,31.0,33.0,56.0,55.76923076923077
2022-03-16 06:10:00,77.0,36.0,56.0,69.0,99.0,1.0,70.0,72.0,63.0,71.0,30.0,29.0,55.0,56.0
2022-03-16 06:15:00,79.0,33.0,58.0,66.0,97.0,2.0,67.0,69.0,60.0,70.0,29.0,36.0,52.0,55.23076923076923
2022-03-16 06:20:00,80.0,41.0,53.0,69.0,94.0,2.0,57.0,59.0,57.0,69.0,20.0,36.0,48.0,52.69230769230769
2022-03-16 06:25:00,75.0,48.0,47.0,72.0,94.0,1.0,58.0,50.0,53.0,68.0,17.0,32.0,50.0,51.15384615384615
2022-03-16 06:30:00,22.0,46.0,43.0,71.0,94.0,0.0,57.0,42.0,53.0,70.0,32.0,23.0,51.0,46.46153846153846
2022-03-16 06:35:00,12.0,45.0,45.0,73.0,95.0,1.0,51.0,33.0,49.0,67.0,13.0,18.0,43.0,41.92307692307692
2022-03-16 06:40:00,21.0,42.0,48.0,70.0,95.0,1.0,51.0,24.0,47.0,70.0,17.0,22.0,46.0,42.61538461538461
2022-03-16 06:45:00,13.0,39.0,49.0,64.0,94.0,1.0,53.0,20.0,49.0,73.0,24.0,27.0,52.0,42.92307692307692
2022-03-16 06:50:00,26.0,41.0,48.0,59.0,92.0,2.0,52.0,29.0,48.0,72.0,25.0,32.0,54.0,44.61538461538461
2022-03-16 06:55:00,30.0,43.0,51.0,52.0,89.0,2.0,50.0,44.0,45.0,72.0,13.0,38.0,54.0,44.84615384615385
2022-03-16 07:00:00,37.0,41.0,54.0,49.0,92.0,4.0,50.0,53.0,42.0,74.0,24.0,45.0,52.0,47.46153846153846
2022-03-16 07:05:00,38.0,35.0,50.0,36.0,92.0,3.0,50.0,49.0,40.0,77.0,19.0,49.0,51.0,45.30769230769231
2022-03-16 07:10:00,13.0,31.0,45.0,35.0,91.0,2.0,51.0,56.0,40.0,78.0,30.0,47.0,47.0,43.53846153846154
2022-03-16 07:15:00,6.0,32.0,48.0,47.0,88.0,2.0,54.0,59.0,41.0,78.0,22.0,53.0,47.0,44.38461538461539
2022-03-16 07:20:00,7.0,35.0,51.0,49.0,78.0,2.0,55.0,54.0,41.0,75.0,39.0,54.0,50.0,45.38461538461539
2022-03-16 07:25:00,10.0,38.0,49.0,48.0,76.0,2.0,60.0,56.0,41.0,73.0,33.0,51.0,51.0,45.23076923076923
2022-03-16 07:30:00,15.0,44.0,50.0,48.0,66.0,3.0,63.0,60.0,43.0,71.0,32.0,48.0,51.0,45.69230769230769
2022-03-16 07:35:00,16.0,47.0,49.0,56.0,49.0,5.0,62.0,61.0,46.0,72.0,31.0,43.0,52.0,45.30769230769231
2022-03-16 07:40:00,15.0,48.0,52.0,65.0,55.0,10.0,64.0,61.0,43.0,73.0,25.0,40.0,53.0,46.46153846153846
2022-03-16 07:45:00,18.0,47.0,54.0,66.0,41.0,17.0,59.0,62.0,45.0,69.0,33.0,38.0,55.0,46.46153846153846
2022-03-16 07:50:00,17.0,47.0,54.0,66.0,24.0,18.0,57.0,63.0,48.0,69.0,31.0,37.0,55.0,45.07692307692308
2022-03-16 07:55:00,17.0,45.0,54.0,65.0,26.0,16.0,59.0,68.0,50.0,54.0,23.0,39.0,56.0,44.0
2022-03-16 08:00:00,18.0,43.0,54.0,64.0,33.0,23.0,63.0,68.0,50.0,51.0,25.0,45.0,61.0,46.0
2022-03-16 08:05:00,17.0,40.0,49.0,72.0,63.0,23.0,62.0,66.0,51.0,62.0,25.0,43.0,68.0,49.30769230769231
2022-03-16 08:10:00,18.0,37.0,52.0,73.0,63.0,26.0,65.0,67.0,58.0,68.0,28.0,44.0,68.0,51.30769230769231
2022-03-16 08:15:00,19.0,34.0,57.0,70.0,66.0,19.0,68.0,69.0,61.0,71.0,29.0,44.0,73.0,52.30769230769231
2022-03-16 08:20:00,18.0,32.0,63.0,74.0,84.0,22.0,68.0,69.0,62.0,70.0,29.0,51.0,76.0,55.23076923076923
2022-03-16 08:25:00,26.0,34.0,66.0,83.0,84.0,24.0,81.0,74.0,66.0,69.0,29.0,56.0,76.0,59.07692307692308
2022-03-16 08:30:00,38.0,36.0,70.0,84.0,94.0,26.0,79.0,77.0,66.0,67.0,39.0,57.0,82.0,62.69230769230769
2022-03-16 08:35:00,58.0,38.0,72.0,87.0,99.0,26.0,82.0,76.0,72.0,66.0,33.0,64.0,85.0,66.0
2022-03-16 08:40:00,81.0,49.0,75.0,86.0,102.0,26.0,87.0,79.0,75.0,66.0,36.0,63.0,87.0,70.15384615384616
2022-03-16 08:45:00,111.0,50.0,75.0,85.0,102.0,20.0,91.0,80.0,80.0,69.0,44.0,69.0,84.0,73.84615384615384
2022-03-16 08:50:00,116.0,46.0,83.0,84.0,103.0,18.0,98.0,84.0,81.0,71.0,47.0,73.0,87.0,76.23076923076923
2022-03-16 08:55:00,111.0,40.0,87.0,83.0,104.0,17.0,101.0,87.0,83.0,74.0,48.0,73.0,86.0,76.46153846153847
2022-03-16 09:00:00,108.0,42.0,91.0,81.0,106.0,19.0,103.0,89.0,83.0,77.0,51.0,70.0,87.0,77.46153846153847
2022-03-16 09:05:00,103.0,47.0,92.0,80.0,106.0,23.0,108.0,95.0,87.0,76.0,48.0,84.0,86.0,79.61538461538461
2022-03-16 09:10:00,95.0,56.0,91.0,77.0,100.0,28.0,106.0,105.0,96.0,75.0,46.0,88.0,89.0,80.92307692307692
2022-03-16 09:15:00,86.0,64.0,93.0,75.0,96.0,28.0,109.0,104.0,96.0,76.0,67.0,85.0,89.0,82.15384615384616
2022-03-16 09:20:00,78.0,71.0,94.0,75.0,92.0,31.0,108.0,105.0,100.0,78.0,72.0,85.0,92.0,83.15384615384616
2022-03-16 09:25:00,76.0,75.0,98.0,72.0,89.0,51.0,109.0,112.0,105.0,79.0,86.0,88.0,95.0,87.3076923076923
2022-03-16 09:30:00,75.0,89.0,100.0,72.0,85.0,73.0,113.0,114.0,112.0,82.0,92.0,103.0,97.0,92.84615384615384
2022-03-16 09:35:00,80.0,95.0,103.0,66.0,81.0,74.0,113.0,115.0,114.0,82.0,97.0,104.0,101.0,94.23076923076923
2022-03-16 09:40:00,82.0,101.0,109.0,70.0,85.0,98.0,112.0,116.0,120.0,84.0,105.0,97.0,103.0,98.61538461538461
2022-03-16 09:45:00,86.0,108.0,110.0,73.0,90.0,98.0,116.0,118.0,122.0,87.0,106.0,92.0,107.0,101.0
2022-03-16 09:50:00,91.0,106.0,0.0,78.0,98.0,101.0,117.0,115.0,126.0,85.0,108.0,86.0,104.0,93.46153846153847
2022-03-16 09:55:00,95.0,106.0,0.0,83.0,108.0,102.0,120.0,115.0,126.0,87.0,117.0,86.0,103.0,96.0
2022-03-16 10:00:00,99.0,107.0,1.0,85.0,105.0,102.0,122.0,115.0,128.0,88.0,114.0,93.0,105.0,97.23076923076923
2022-03-16 10:05:00,101.0,109.0,2.0,90.0,104.0,98.0,128.0,122.0,132.0,88.0,116.0,101.0,107.0,99.84615384615384
2022-03-16 10:10:00,104.0,113.0,2.0,93.0,109.0,103.0,128.0,129.0,129.0,92.0,110.0,102.0,106.0,101.53846153846153
2022-03-16 10:15:00,111.0,118.0,550.0,101.0,115.0,104.0,133.0,131.0,129.0,95.0,114.0,109.0,112.0,147.84615384615384
2022-03-16 10:20:00,112.0,126.0,1834.0,104.0,120.0,100.0,143.0,138.0,132.0,99.0,122.0,112.0,117.0,250.69230769230768
2022-03-16 10:25:00,118.0,127.0,783.0,108.0,130.0,96.0,147.0,139.0,137.0,99.0,127.0,114.0,116.0,172.3846153846154
2022-03-16 10:30:00,128.0,130.0,793.0,113.0,133.0,94.0,151.0,137.0,135.0,102.0,136.0,118.0,118.0,176.0
2022-03-16 10:35:00,138.0,6.0,793.0,118.0,137.0,104.0,155.0,140.0,140.0,105.0,117.0,118.0,118.0,168.3846153846154
2022-03-16 10:40:00,142.0,0.0,372.0,125.0,140.0,103.0,156.0,141.0,140.0,109.0,133.0,116.0,121.0,138.30769230769232
2022-03-16 10:45:00,148.0,259.0,131.0,129.0,145.0,104.0,158.0,140.0,152.0,113.0,142.0,122.0,126.0,143.76923076923077
2022-03-16 10:50:00,148.0,793.0,368.0,130.0,150.0,110.0,161.0,146.0,152.0,117.0,138.0,126.0,130.0,205.30769230769232
2022-03-16 10:55:00,151.0,799.0,651.0,133.0,153.0,113.0,161.0,148.0,151.0,121.0,136.0,128.0,129.0,228.76923076923077
2022-03-16 11:00:00,151.0,416.0,698.0,139.0,158.0,113.0,166.0,148.0,150.0,124.0,142.0,134.0,130.0,205.30769230769232
2022-03-16 11:05:00,157.0,105.0,727.0,142.0,158.0,119.0,168.0,151.0,152.0,127.0,141.0,142.0,132.0,186.23076923076923
2022-03-16 11:10:00,157.0,109.0,152.0,146.0,158.0,121.0,173.0,152.0,155.0,133.0,145.0,135.0,130.0,143.53846153846155
2022-03-16 11:15:00,157.0,118.0,147.0,146.0,161.0,126.0,170.0,153.0,158.0,138.0,145.0,142.0,132.0,145.6153846153846
2022-03-16 11:20:00,155.0,125.0,147.0,151.0,161.0,144.0,171.0,155.0,160.0,147.0,154.0,142.0,135.0,149.76923076923077
2022-03-16 11:25:00,155.0,130.0,150.0,148.0,163.0,149.0,175.0,157.0,166.0,155.0,141.0,152.0,134.0,151.92307692307693
2022-03-16 11:30:00,158.0,136.0,151.0,156.0,164.0,157.0,173.0,160.0,168.0,158.0,142.0,156.0,137.0,155.07692307692307
2022-03-16 11:35:00,158.0,140.0,153.0,160.0,164.0,170.0,175.0,160.0,171.0,159.0,156.0,159.0,141.0,158.92307692307693
2022-03-16 11:40:00,162.0,145.0,157.0,160.0,164.0,169.0,175.0,165.0,176.0,159.0,172.0,156.0,143.0,161.76923076923077
2022-03-16 11:45:00,162.0,148.0,161.0,160.0,164.0,166.0,173.0,168.0,177.0,162.0,171.0,159.0,148.0,163.0
2022-03-16 11:50:00,163.0,154.0,162.0,166.0,163.0,171.0,175.0,172.0,178.0,166.0,157.0,159.0,150.0,164.30769230769232
2022-03-16 11:55:00,166.0,157.0,164.0,168.0,165.0,172.0,178.0,175.0,180.0,164.0,171.0,163.0,153.0,167.3846153846154
2022-03-16 12:00:00,167.0,162.0,164.0,171.0,170.0,170.0,177.0,174.0,178.0,164.0,172.0,160.0,155.0,168.0
2022-03-16 12:05:00,168.0,165.0,166.0,172.0,173.0,169.0,178.0,176.0,178.0,164.0,176.0,159.0,153.0,169.0
2022-03-16 12:10:00,173.0,167.0,166.0,177.0,173.0,169.0,181.0,177.0,168.0,160.0,176.0,160.0,156.0,169.46153846153845
2022-03-16 12:15:00,175.0,174.0,162.0,177.0,174.0,164.0,182.0,179.0,172.0,163.0,180.0,165.0,158.0,171.15384615384616
2022-03-16 12:20:00,173.0,173.0,164.0,179.0,178.0,163.0,181.0,176.0,174.0,167.0,183.0,163.0,159.0,171.76923076923077
2022-03-16 12:25:00,174.0,171.0,167.0,179.0,177.0,166.0,184.0,178.0,180.0,168.0,186.0,163.0,155.0,172.92307692307693
2022-03-16 12:30:00,178.0,168.0,167.0,181.0,180.0,168.0,184.0,177.0,180.0,171.0,183.0,164.0,156.0,173.6153846153846
2022-03-16 12:35:00,178.0,169.0,169.0,184.0,179.0,163.0,186.0,173.0,178.0,172.0,199.0,172.0,158.0,175.3846153846154
2022-03-16 12:40:00,180.0,164.0,167.0,185.0,178.0,165.0,187.0,171.0,180.0,176.0,195.0,175.0,154.0,175.15384615384616
2022-03-16 12:45:00,181.0,164.0,168.0,181.0,178.0,169.0,187.0,170.0,179.0,176.0,180.0,177.0,154.0,174.15384615384616
2022-03-16 12:50:00,178.0,166.0,170.0,174.0,176.0,158.0,189.0,166.0,179.0,172.0,178.0,182.0,156.0,172.6153846153846
2022-03-16 12:55:00,177.0,172.0,170.0,178.0,168.0,160.0,186.0,167.0,182.0,172.0,181.0,183.0,161.0,173.6153846153846
2022-03-16 13:00:00,175.0,171.0,170.0,176.0,177.0,160.0,188.0,167.0,184.0,176.0,179.0,182.0,158.0,174.07692307692307
2022-03-16 13:05:00,169.0,171.0,171.0,169.0,177.0,155.0,183.0,164.0,179.0,179.0,177.0,175.0,154.0,171.0
2022-03-16 13:10:00,171.0,170.0,171.0,169.0,165.0,161.0,176.0,167.0,164.0,178.0,176.0,181.0,160.0,169.92307692307693
2022-03-16 13:15:00,173.0,172.0,170.0,168.0,165.0,165.0,163.0,170.0,178.0,176.0,183.0,185.0,159.0,171.30769230769232
2022-03-16 13:20:00,174.0,169.0,171.0,165.0,166.0,165.0,169.0,169.0,185.0,174.0,181.0,189.0,153.0,171.53846153846155
2022-03-16 13:25:00,175.0,169.0,173.0,164.0,167.0,164.0,173.0,171.0,185.0,177.0,183.0,190.0,153.0,172.6153846153846
2022-03-16 13:30:00,174.0,164.0,176.0,167.0,171.0,161.0,171.0,174.0,186.0,178.0,183.0,187.0,159.0,173.15384615384616
2022-03-16 13:35:00,170.0,151.0,177.0,167.0,169.0,159.0,170.0,173.0,186.0,178.0,190.0,188.0,158.0,172.0
2022-03-16 13:40:00,174.0,146.0,179.0,158.0,167.0,156.0,178.0,175.0,187.0,177.0,192.0,181.0,160.0,171.53846153846155
2022-03-16 13:45:00,176.0,150.0,179.0,167.0,167.0,156.0,175.0,178.0,187.0,178.0,192.0,187.0,160.0,173.23076923076923
2022-03-16 13:50:00,170.0,152.0,180.0,169.0,165.0,164.0,178.0,179.0,187.0,178.0,191.0,190.0,161.0,174.15384615384616
2022-03-16 13:55:00,172.0,161.0,182.0,173.0,166.0,172.0,177.0,181.0,187.0,179.0,192.0,189.0,158.0,176.07692307692307
2022-03-16 14:00:00,172.0,166.0,182.0,176.0,167.0,173.0,177.0,180.0,188.0,176.0,193.0,190.0,164.0,177.23076923076923
2022-03-16 14:05:00,167.0,171.0,177.0,175.0,170.0,170.0,174.0,179.0,188.0,176.0,190.0,196.0,164.0,176.69230769230768
2022-03-16 14:10:00,166.0,174.0,177.0,176.0,169.0,168.0,176.0,182.0,188.0,175.0,194.0,191.0,164.0,176.92307692307693
2022-03-16 14:15:00,164.0,170.0,179.0,179.0,169.0,162.0,176.0,187.0,185.0,176.0,198.0,193.0,165.0,177.15384615384616
2022-03-16 14:20:00,163.0,171.0,177.0,176.0,171.0,161.0,176.0,189.0,182.0,177.0,197.0,197.0,164.0,177.0
2022-03-16 14:25:00,175.0,178.0,178.0,177.0,169.0,159.0,176.0,190.0,181.0,178.0,195.0,199.0,159.0,178.0
2022-03-16 14:30:00,180.0,176.0,181.0,174.0,172.0,158.0,174.0,190.0,177.0,178.0,199.0,195.0,162.0,178.15384615384616
2022-03-16 14:35:00,180.0,183.0,166.0,176.0,182.0,169.0,176.0,189.0,144.0,178.0,198.0,189.0,160.0,176.15384615384616
2022-03-16 14:40:00,181.0,183.0,164.0,180.0,185.0,168.0,178.0,188.0,163.0,179.0,183.0,183.0,158.0,176.3846153846154
2022-03-16 14:45:00,182.0,178.0,163.0,182.0,187.0,165.0,182.0,189.0,165.0,178.0,201.0,193.0,162.0,179.0
2022-03-16 14:50:00,184.0,174.0,162.0,183.0,188.0,175.0,188.0,189.0,166.0,176.0,204.0,187.0,161.0,179.76923076923077
2022-03-16 14:55:00,191.0,177.0,158.0,186.0,189.0,173.0,190.0,189.0,167.0,171.0,199.0,185.0,161.0,179.69230769230768
2022-03-16 15:00:00,192.0,178.0,157.0,186.0,195.0,179.0,189.0,189.0,163.0,166.0,204.0,190.0,160.0,180.6153846153846
2022-03-16 15:05:00,188.0,173.0,160.0,186.0,192.0,180.0,193.0,189.0,161.0,164.0,200.0,182.0,160.0,179.07692307692307
2022-03-16 15:10:00,188.0,175.0,159.0,188.0,191.0,175.0,196.0,188.0,159.0,164.0,196.0,179.0,159.0,178.23076923076923
2022-03-16 15:15:00,182.0,172.0,167.0,184.0,191.0,178.0,197.0,186.0,156.0,160.0,189.0,182.0,158.0,177.07692307692307
2022-03-16 15:20:00,181.0,173.0,180.0,187.0,190.0,178.0,196.0,185.0,157.0,156.0,183.0,169.0,160.0,176.53846153846155
2022-03-16 15:25:00,183.0,170.0,179.0,186.0,190.0,160.0,199.0,184.0,159.0,152.0,188.0,160.0,160.0,174.6153846153846
2022-03-16 15:30:00,183.0,169.0,179.0,184.0,190.0,162.0,201.0,183.0,160.0,149.0,189.0,160.0,157.0,174.30769230769232
2022-03-16 15:35:00,180.0,164.0,179.0,182.0,188.0,160.0,200.0,180.0,155.0,149.0,182.0,169.0,157.0,172.69230769230768
2022-03-16 15:40:00,177.0,158.0,181.0,180.0,185.0,172.0,202.0,174.0,152.0,148.0,189.0,166.0,158.0,172.46153846153845
2022-03-16 15:45:00,175.0,157.0,177.0,178.0,186.0,167.0,201.0,169.0,147.0,149.0,184.0,179.0,160.0,171.46153846153845
2022-03-16 15:50:00,178.0,155.0,175.0,178.0,182.0,168.0,202.0,167.0,144.0,150.0,194.0,181.0,161.0,171.92307692307693
2022-03-16 15:55:00,176.0,153.0,172.0,174.0,182.0,168.0,207.0,160.0,146.0,147.0,204.0,180.0,160.0,171.46153846153845
2022-03-16 16:00:00,170.0,151.0,165.0,172.0,179.0,166.0,202.0,155.0,148.0,146.0,227.0,176.0,161.0,170.6153846153846
2022-03-16 16:05:00,151.0,148.0,159.0,168.0,175.0,156.0,197.0,153.0,161.0,146.0,232.0,173.0,160.0,167.6153846153846
2022-03-16 16:10:00,156.0,140.0,152.0,163.0,171.0,160.0,199.0,149.0,166.0,146.0,236.0,167.0,159.0,166.46153846153845
2022-03-16 16:15:00,154.0,134.0,146.0,155.0,167.0,158.0,203.0,149.0,161.0,143.0,241.0,167.0,157.0,164.23076923076923
2022-03-16 16:20:00,149.0,130.0,145.0,154.0,163.0,154.0,203.0,148.0,165.0,138.0,251.0,161.0,153.0,162.6153846153846
2022-03-16 16:25:00,143.0,129.0,145.0,153.0,156.0,147.0,196.0,147.0,163.0,128.0,249.0,160.0,149.0,158.84615384615384
2022-03-16 16:30:00,137.0,130.0,142.0,148.0,154.0,129.0,200.0,146.0,162.0,125.0,238.0,161.0,149.0,155.46153846153845
2022-03-16 16:35:00,140.0,130.0,140.0,143.0,153.0,124.0,206.0,145.0,160.0,127.0,242.0,163.0,154.0,155.92307692307693
2022-03-16 16:40:00,142.0,129.0,144.0,136.0,145.0,126.0,207.0,147.0,154.0,135.0,239.0,170.0,158.0,156.30769230769232
2022-03-16 16:45:00,142.0,133.0,143.0,135.0,142.0,124.0,201.0,147.0,146.0,144.0,246.0,167.0,169.0,156.84615384615384
2022-03-16 16:50:00,143.0,131.0,140.0,129.0,139.0,107.0,208.0,143.0,135.0,138.0,244.0,161.0,171.0,153.0
2022-03-16 16:55:00,142.0,130.0,135.0,123.0,145.0,97.0,219.0,145.0,119.0,143.0,235.0,162.0,169.0,151.07692307692307
2022-03-16 17:00:00,147.0,138.0,137.0,125.0,144.0,92.0,229.0,148.0,132.0,144.0,238.0,171.0,170.0,155.0
2022-03-16 17:05:00,148.0,133.0,137.0,119.0,138.0,73.0,231.0,147.0,138.0,139.0,233.0,167.0,175.0,152.15384615384616
2022-03-16 17:10:00,146.0,141.0,140.0,130.0,142.0,53.0,229.0,147.0,147.0,138.0,227.0,163.0,188.0,153.15384615384616
2022-03-16 17:15:00,157.0,145.0,140.0,125.0,147.0,69.0,229.0,148.0,164.0,142.0,228.0,160.0,191.0,157.30769230769232
2022-03-16 17:20:00,167.0,155.0,137.0,128.0,144.0,126.0,227.0,148.0,170.0,143.0,246.0,156.0,194.0,164.69230769230768
2022-03-16 17:25:00,185.0,163.0,142.0,125.0,143.0,131.0,224.0,146.0,174.0,140.0,247.0,152.0,195.0,166.69230769230768
2022-03-16 17:30:00,189.0,166.0,132.0,129.0,145.0,109.0,218.0,146.0,180.0,139.0,241.0,149.0,195.0,164.46153846153845
2022-03-16 17:35:00,185.0,172.0,139.0,132.0,183.0,126.0,216.0,167.0,179.0,146.0,235.0,149.0,198.0,171.30769230769232
2022-03-16 17:40:00,186.0,177.0,144.0,130.0,195.0,127.0,215.0,182.0,175.0,158.0,229.0,146.0,195.0,173.76923076923077
2022-03-16 17:45:00,205.0,186.0,140.0,156.0,201.0,109.0,213.0,184.0,165.0,185.0,222.0,145.0,194.0,177.30769230769232
2022-03-16 17:50:00,206.0,183.0,152.0,172.0,200.0,108.0,208.0,187.0,163.0,206.0,219.0,149.0,192.0,180.3846153846154
2022-03-16 17:55:00,203.0,184.0,170.0,184.0,195.0,122.0,212.0,184.0,161.0,216.0,211.0,152.0,188.0,183.23076923076923
2022-03-16 18:00:00,202.0,179.0,167.0,184.0,196.0,121.0,208.0,185.0,161.0,221.0,194.0,151.0,182.0,180.84615384615384
2022-03-16 18:05:00,200.0,181.0,178.0,181.0,195.0,103.0,207.0,180.0,157.0,223.0,198.0,149.0,170.0,178.6153846153846
2022-03-16 18:10:00,200.0,180.0,178.0,184.0,195.0,67.0,204.0,178.0,154.0,223.0,189.0,150.0,166.0,174.46153846153845
2022-03-16 18:15:00,198.0,179.0,175.0,178.0,193.0,79.0,199.0,178.0,148.0,221.0,193.0,153.0,162.0,173.53846153846155
2022-03-16 18:20:00,-2.0,174.0,179.0,176.0,192.0,85.0,194.0,178.0,146.0,218.0,192.0,162.0,160.0,158.0
2022-03-16 18:25:00,3.0,172.0,175.0,175.0,191.0,122.0,188.0,177.0,147.0,213.0,182.0,170.0,154.0,159.15384615384616
2022-03-16 18:30:00,4.0,173.0,174.0,180.0,189.0,138.0,180.0,175.0,146.0,207.0,180.0,178.0,159.0,160.23076923076923
2022-03-16 18:35:00,728.0,166.0,178.0,181.0,187.0,149.0,175.0,178.0,135.0,199.0,186.0,180.0,155.0,215.15384615384616
2022-03-16 18:40:00,781.0,172.0,179.0,183.0,184.0,150.0,170.0,179.0,126.0,189.0,185.0,181.0,150.0,217.6153846153846
2022-03-16 18:45:00,787.0,172.0,180.0,181.0,162.0,136.0,167.0,180.0,123.0,182.0,185.0,181.0,160.0,215.07692307692307
2022-03-16 18:50:00,150.0,175.0,178.0,183.0,150.0,145.0,159.0,181.0,139.0,177.0,158.0,182.0,161.0,164.46153846153845
2022-03-16 18:55:00,126.0,182.0,172.0,183.0,147.0,142.0,155.0,185.0,157.0,169.0,154.0,184.0,163.0,163.0
2022-03-16 19:00:00,134.0,194.0,178.0,183.0,148.0,123.0,152.0,190.0,141.0,163.0,134.0,182.0,164.0,160.46153846153845
2022-03-16 19:05:00,136.0,190.0,184.0,188.0,147.0,121.0,149.0,200.0,132.0,156.0,146.0,179.0,165.0,161.0
2022-03-16 19:10:00,132.0,190.0,191.0,174.0,145.0,128.0,148.0,201.0,142.0,149.0,142.0,181.0,158.0,160.07692307692307
2022-03-16 19:15:00,129.0,190.0,197.0,148.0,140.0,136.0,147.0,201.0,161.0,140.0,129.0,182.0,148.0,157.53846153846155
2022-03-16 19:20:00,128.0,188.0,197.0,145.0,136.0,138.0,147.0,198.0,172.0,134.0,128.0,186.0,150.0,157.46153846153845
2022-03-16 19:25:00,124.0,181.0,196.0,140.0,134.0,135.0,147.0,189.0,182.0,130.0,106.0,192.0,152.0,154.46153846153845
2022-03-16 19:30:00,121.0,172.0,196.0,135.0,133.0,133.0,149.0,193.0,185.0,127.0,124.0,196.0,131.0,153.46153846153845
2022-03-16 19:35:00,119.0,162.0,190.0,132.0,130.0,130.0,150.0,190.0,188.0,126.0,114.0,195.0,131.0,150.53846153846155
2022-03-16 19:40:00,120.0,155.0,192.0,128.0,132.0,118.0,149.0,182.0,183.0,123.0,104.0,194.0,154.0,148.76923076923077
2022-03-16 19:45:00,121.0,148.0,189.0,129.0,135.0,114.0,146.0,178.0,178.0,123.0,103.0,195.0,159.0,147.53846153846155
2022-03-16 19:50:00,122.0,145.0,181.0,129.0,134.0,109.0,142.0,169.0,174.0,125.0,106.0,197.0,143.0,144.30769230769232
2022-03-16 19:55:00,116.0,144.0,171.0,130.0,131.0,115.0,137.0,156.0,172.0,126.0,97.0,201.0,148.0,141.84615384615384
2022-03-16 20:00:00,111.0,143.0,163.0,130.0,132.0,124.0,139.0,151.0,169.0,126.0,96.0,205.0,155.0,141.84615384615384
2022-03-16 20:05:00,115.0,139.0,156.0,127.0,136.0,107.0,139.0,146.0,166.0,122.0,98.0,205.0,160.0,139.69230769230768
2022-03-16 20:10:00,124.0,142.0,153.0,129.0,135.0,99.0,122.0,144.0,167.0,121.0,90.0,204.0,161.0,137.76923076923077
2022-03-16 20:15:00,120.0,144.0,153.0,133.0,128.0,99.0,116.0,145.0,166.0,125.0,104.0,202.0,139.0,136.46153846153845
2022-03-16 20:20:00,105.0,140.0,152.0,132.0,109.0,91.0,113.0,142.0,166.0,124.0,107.0,198.0,130.0,131.46153846153845
2022-03-16 20:25:00,99.0,133.0,154.0,122.0,106.0,98.0,114.0,143.0,165.0,121.0,99.0,196.0,129.0,129.15384615384616
2022-03-16 20:30:00,101.0,123.0,151.0,106.0,107.0,93.0,114.0,144.0,163.0,120.0,107.0,192.0,123.0,126.46153846153847
2022-03-16 20:35:00,100.0,111.0,146.0,104.0,107.0,93.0,111.0,140.0,160.0,119.0,95.0,186.0,126.0,122.92307692307692
2022-03-16 20:40:00,100.0,100.0,137.0,104.0,104.0,94.0,110.0,120.0,159.0,118.0,120.0,181.0,130.0,121.3076923076923
2022-03-16 20:45:00,95.0,96.0,121.0,103.0,102.0,87.0,111.0,108.0,155.0,119.0,101.0,172.0,128.0,115.23076923076923
2022-03-16 20:50:00,96.0,93.0,112.0,99.0,103.0,92.0,113.0,102.0,152.0,119.0,95.0,161.0,130.0,112.84615384615384
2022-03-16 20:55:00,95.0,91.0,107.0,99.0,104.0,94.0,114.0,103.0,148.0,117.0,114.0,149.0,131.0,112.76923076923077
2022-03-16 21:00:00,95.0,92.0,105.0,101.0,105.0,102.0,115.0,101.0,141.0,118.0,117.0,137.0,130.0,112.23076923076923
2022-03-16 21:05:00,100.0,92.0,103.0,102.0,106.0,104.0,118.0,100.0,129.0,118.0,89.0,129.0,134.0,109.53846153846153
2022-03-16 21:10:00,103.0,92.0,102.0,103.0,108.0,102.0,119.0,96.0,116.0,117.0,102.0,121.0,139.0,109.23076923076923
2022-03-16 21:15:00,104.0,94.0,98.0,105.0,110.0,106.0,119.0,96.0,110.0,117.0,104.0,114.0,138.0,108.84615384615384
2022-03-16 21:20:00,107.0,95.0,102.0,107.0,112.0,107.0,116.0,98.0,109.0,115.0,97.0,109.0,140.0,108.76923076923077
2022-03-16 21:25:00,103.0,97.0,105.0,108.0,113.0,106.0,115.0,101.0,109.0,119.0,98.0,106.0,142.0,109.38461538461539
2022-03-16 21:30:00,107.0,97.0,106.0,110.0,116.0,100.0,116.0,102.0,110.0,123.0,94.0,104.0,141.0,109.6923076923077
2022-03-16 21:35:00,112.0,99.0,107.0,114.0,117.0,102.0,119.0,104.0,112.0,126.0,94.0,102.0,138.0,111.23076923076923
2022-03-16 21:40:00,112.0,102.0,111.0,115.0,116.0,112.0,122.0,104.0,113.0,128.0,87.0,103.0,135.0,112.3076923076923
2022-03-16 21:45:00,114.0,101.0,113.0,115.0,116.0,115.0,129.0,104.0,111.0,129.0,91.0,101.0,133.0,113.23076923076923
2022-03-16 21:50:00,112.0,104.0,114.0,115.0,118.0,115.0,129.0,104.0,108.0,129.0,83.0,99.0,129.0,112.23076923076923
2022-03-16 21:55:00,111.0,104.0,115.0,115.0,118.0,112.0,125.0,106.0,108.0,130.0,84.0,100.0,123.0,111.61538461538461
